Year,Month,Day,1,2,3,4,5,6,7,8,9,10,11,12,13,14,15,16,17,18,19,20,21,22,23,24
2009,1,1,0.3024,0,0,0,0,0,0.3024,0,0,0,0,0,0.3024,0,0,0,0,0,0.3024,0,0,0,0,0
2009,1,2,0.3024,0,0,0,0,0,0.3024,0,0,0,0,0,0.3024,0,0,0,0,0,0.3024,0,0,0,0,0
2009,1,3,0.388509106130562,0,0,0,0,0,0.388509106130562,0,0,0,0,0,0.388509106130562,0,0,0,0,0,0.388509106130562,0,0,0,0,0
2009,1,4,0.3024,0,0,0,0,0,0.3024,0,0,0,0,0,0.3024,0,0,0,0,0,0.3024,0,0,0,0,0
2009,1,5,0.3024,0,0,0,0,0,0.3024,0,0,0,0,0,0.3024,0,0,0,0,0,0.3024,0,0,0,0,0
2009,1,6,0.3024,0,0,0,0,0,0.3024,0,0,0,0,0,0.3024,0,0,0,0,0,0.3024,0,0,0,0,0
2009,1,7,0.321901317618327,0,0,0,0,0,0.321901317618327,0,0,0,0,0,0.321901317618327,0,0,0,0,0,0.321901317618327,0,0,0,0,0
2009,1,8,0.3024,0,0,0,0,0,0.3024,0,0,0,0,0,0.3024,0,0,0,0,0,0.3024,0,0,0,0,0
2009,1,9,0.3024,0,0,0,0,0,0.3024,0,0,0,0,0,0.3024,0,0,0,0,0,0.3024,0,0,0,0,0
2009,1,10,0.3024,0,0,0,0,0,0.3024,0,0,0,0,0,0.3024,0,0,0,0,0,0.3024,0,0,0,0,0
2009,1,11,0.362087487839666,0,0,0,0,0,0.362087487839666,0,0,0,0,0,0.362087487839666,0,0,0,0,0,0.362087487839666,0,0,0,0,0
2009,1,12,0.322835858581028,0,0,0,0,0,0.322835858581028,0,0,0,0,0,0.322835858581028,0,0,0,0,0,0.322835858581028,0,0,0,0,0
2009,1,13,0.322403648864744,0,0,0,0,0,0.322403648864744,0,0,0,0,0,0.322403648864744,0,0,0,0,0,0.322403648864744,0,0,0,0,0
2009,1,14,0.3024,0,0,0,0,0,0.3024,0,0,0,0,0,0.3024,0,0,0,0,0,0.3024,0,0,0,0,0
2009,1,15,0.33047854051593,0,0,0,0,0,0.33047854051593,0,0,0,0,0,0.33047854051593,0,0,0,0,0,0.33047854051593,0,0,0,0,0
2009,1,16,0.315705645200361,0,0,0,0,0,0.315705645200361,0,0,0,0,0,0.315705645200361,0,0,0,0,0,0.315705645200361,0,0,0,0,0
2009,1,17,0.323611986954072,0,0,0,0,0,0.323611986954072,0,0,0,0,0,0.323611986954072,0,0,0,0,0,0.323611986954072,0,0,0,0,0
2009,1,18,0.324950931731312,0,0,0,0,0,0.324950931731312,0,0,0,0,0,0.324950931731312,0,0,0,0,0,0.324950931731312,0,0,0,0,0
2009,1,19,0.39472432420913,0,0,0,0,0,0.39472432420913,0,0,0,0,0,0.39472432420913,0,0,0,0,0,0.39472432420913,0,0,0,0,0
2009,1,20,0.324977101086793,0,0,0,0,0,0.324977101086793,0,0,0,0,0,0.324977101086793,0,0,0,0,0,0.324977101086793,0,0,0,0,0
2009,1,21,0.367641311106488,0,0,0,0,0,0.367641311106488,0,0,0,0,0,0.367641311106488,0,0,0,0,0,0.367641311106488,0,0,0,0,0
2009,1,22,0.3024,0,0,0,0,0,0.3024,0,0,0,0,0,0.3024,0,0,0,0,0,0.3024,0,0,0,0,0
2009,1,23,0.3024,0,0,0,0,0,0.3024,0,0,0,0,0,0.3024,0,0,0,0,0,0.3024,0,0,0,0,0
2009,1,24,0.343551780374758,0,0,0,0,0,0.343551780374758,0,0,0,0,0,0.343551780374758,0,0,0,0,0,0.343551780374758,0,0,0,0,0
2009,1,25,0.369463987093809,0,0,0,0,0,0.369463987093809,0,0,0,0,0,0.369463987093809,0,0,0,0,0,0.369463987093809,0,0,0,0,0
2009,1,26,0.320856734278077,0,0,0,0,0,0.320856734278077,0,0,0,0,0,0.320856734278077,0,0,0,0,0,0.320856734278077,0,0,0,0,0
2009,1,27,0.3024,0,0,0,0,0,0.3024,0,0,0,0,0,0.3024,0,0,0,0,0,0.3024,0,0,0,0,0
2009,1,28,0.3024,0,0,0,0,0,0.3024,0,0,0,0,0,0.3024,0,0,0,0,0,0.3024,0,0,0,0,0
2009,1,29,0.336415021377809,0,0,0,0,0,0.336415021377809,0,0,0,0,0,0.336415021377809,0,0,0,0,0,0.336415021377809,0,0,0,0,0
2009,1,30,0.325860960563335,0,0,0,0,0,0.325860960563335,0,0,0,0,0,0.325860960563335,0,0,0,0,0,0.325860960563335,0,0,0,0,0
2009,1,31,0.3024,0,0,0,0,0,0.3024,0,0,0,0,0,0.3024,0,0,0,0,0,0.3024,0,0,0,0,0
2009,2,1,0.3024,0,0,0,0,0,0.3024,0,0,0,0,0,0.3024,0,0,0,0,0,0.3024,0,0,0,0,0
2009,2,2,0.3024,0,0,0,0,0,0.3024,0,0,0,0,0,0.3024,0,0,0,0,0,0.3024,0,0,0,0,0
2009,2,3,0.3024,0,0,0,0,0,0.3024,0,0,0,0,0,0.3024,0,0,0,0,0,0.3024,0,0,0,0,0
2009,2,4,0.3024,0,0,0,0,0,0.3024,0,0,0,0,0,0.3024,0,0,0,0,0,0.3024,0,0,0,0,0
2009,2,5,0.3024,0,0,0,0,0,0.3024,0,0,0,0,0,0.3024,0,0,0,0,0,0.3024,0,0,0,0,0
2009,2,6,0.3024,0,0,0,0,0,0.3024,0,0,0,0,0,0.3024,0,0,0,0,0,0.3024,0,0,0,0,0
2009,2,7,0.3024,0,0,0,0,0,0.3024,0,0,0,0,0,0.3024,0,0,0,0,0,0.3024,0,0,0,0,0
2009,2,8,0.326164074799062,0,0,0,0,0,0.326164074799062,0,0,0,0,0,0.326164074799062,0,0,0,0,0,0.326164074799062,0,0,0,0,0
2009,2,9,0.3024,0,0,0,0,0,0.3024,0,0,0,0,0,0.3024,0,0,0,0,0,0.3024,0,0,0,0,0
2009,2,10,0.3024,0,0,0,0,0,0.3024,0,0,0,0,0,0.3024,0,0,0,0,0,0.3024,0,0,0,0,0
2009,2,11,0.307413833751307,0,0,0,0,0,0.307413833751307,0,0,0,0,0,0.307413833751307,0,0,0,0,0,0.307413833751307,0,0,0,0,0
2009,2,12,0.308319342685749,0,0,0,0,0,0.308319342685749,0,0,0,0,0,0.308319342685749,0,0,0,0,0,0.308319342685749,0,0,0,0,0
2009,2,13,0.395083684827103,0,0,0,0,0,0.395083684827103,0,0,0,0,0,0.395083684827103,0,0,0,0,0,0.395083684827103,0,0,0,0,0
2009,2,14,0.346270203597034,0,0,0,0,0,0.346270203597034,0,0,0,0,0,0.346270203597034,0,0,0,0,0,0.346270203597034,0,0,0,0,0
2009,2,15,0.350558007902198,0,0,0,0,0,0.350558007902198,0,0,0,0,0,0.350558007902198,0,0,0,0,0,0.350558007902198,0,0,0,0,0
2009,2,16,0.392420242389296,0,0,0,0,0,0.392420242389296,0,0,0,0,0,0.392420242389296,0,0,0,0,0,0.392420242389296,0,0,0,0,0
2009,2,17,0.386247674467256,0,0,0,0,0,0.386247674467256,0,0,0,0,0,0.386247674467256,0,0,0,0,0,0.386247674467256,0,0,0,0,0
2009,2,18,0.394348043470624,0,0,0,0,0,0.394348043470624,0,0,0,0,0,0.394348043470624,0,0,0,0,0,0.394348043470624,0,0,0,0,0
2009,2,19,0.362331063454016,0,0,0,0,0,0.362331063454016,0,0,0,0,0,0.362331063454016,0,0,0,0,0,0.362331063454016,0,0,0,0,0
2009,2,20,0.3024,0,0,0,0,0,0.3024,0,0,0,0,0,0.3024,0,0,0,0,0,0.3024,0,0,0,0,0
2009,2,21,0.332726505114423,0,0,0,0,0,0.332726505114423,0,0,0,0,0,0.332726505114423,0,0,0,0,0,0.332726505114423,0,0,0,0,0
2009,2,22,0.311462194648591,0,0,0,0,0,0.311462194648591,0,0,0,0,0,0.311462194648591,0,0,0,0,0,0.311462194648591,0,0,0,0,0
2009,2,23,0.3024,0,0,0,0,0,0.3024,0,0,0,0,0,0.3024,0,0,0,0,0,0.3024,0,0,0,0,0
2009,2,24,0.31718339977639,0,0,0,0,0,0.31718339977639,0,0,0,0,0,0.31718339977639,0,0,0,0,0,0.31718339977639,0,0,0,0,0
2009,2,25,0.3024,0,0,0,0,0,0.3024,0,0,0,0,0,0.3024,0,0,0,0,0,0.3024,0,0,0,0,0
2009,2,26,0.3024,0,0,0,0,0,0.3024,0,0,0,0,0,0.3024,0,0,0,0,0,0.3024,0,0,0,0,0
2009,2,27,0.358442355292446,0,0,0,0,0,0.358442355292446,0,0,0,0,0,0.358442355292446,0,0,0,0,0,0.358442355292446,0,0,0,0,0
2009,2,28,0.338876702125548,0,0,0,0,0,0.338876702125548,0,0,0,0,0,0.338876702125548,0,0,0,0,0,0.338876702125548,0,0,0,0,0
2009,3,1,0.3024,0,0,0,0,0,0.3024,0,0,0,0,0,0.3024,0,0,0,0,0,0.3024,0,0,0,0,0
2009,3,2,0.3024,0,0,0,0,0,0.3024,0,0,0,0,0,0.3024,0,0,0,0,0,0.3024,0,0,0,0,0
2009,3,3,0.360476482250643,0,0,0,0,0,0.360476482250643,0,0,0,0,0,0.360476482250643,0,0,0,0,0,0.360476482250643,0,0,0,0,0
2009,3,4,0.35362553349941,0,0,0,0,0,0.35362553349941,0,0,0,0,0,0.35362553349941,0,0,0,0,0,0.35362553349941,0,0,0,0,0
2009,3,5,0.326606124585183,0,0,0,0,0,0.326606124585183,0,0,0,0,0,0.326606124585183,0,0,0,0,0,0.326606124585183,0,0,0,0,0
2009,3,6,0.410840275270615,0,0,0,0,0,0.410840275270615,0,0,0,0,0,0.410840275270615,0,0,0,0,0,0.410840275270615,0,0,0,0,0
2009,3,7,0.312919828742264,0,0,0,0,0,0.312919828742264,0,0,0,0,0,0.312919828742264,0,0,0,0,0,0.312919828742264,0,0,0,0,0
2009,3,8,0.319899855854617,0,0,0,0,0,0.319899855854617,0,0,0,0,0,0.319899855854617,0,0,0,0,0,0.319899855854617,0,0,0,0,0
2009,3,9,0.416238755093717,0,0,0,0,0,0.416238755093717,0,0,0,0,0,0.416238755093717,0,0,0,0,0,0.416238755093717,0,0,0,0,0
2009,3,10,0.451841868891241,0,0,0,0,0,0.451841868891241,0,0,0,0,0,0.451841868891241,0,0,0,0,0,0.451841868891241,0,0,0,0,0
2009,3,11,0.3024,0,0,0,0,0,0.3024,0,0,0,0,0,0.3024,0,0,0,0,0,0.3024,0,0,0,0,0
2009,3,12,0.3024,0,0,0,0,0,0.3024,0,0,0,0,0,0.3024,0,0,0,0,0,0.3024,0,0,0,0,0
2009,3,13,0.368490993560092,0,0,0,0,0,0.368490993560092,0,0,0,0,0,0.368490993560092,0,0,0,0,0,0.368490993560092,0,0,0,0,0
2009,3,14,0.366707767673562,0,0,0,0,0,0.366707767673562,0,0,0,0,0,0.366707767673562,0,0,0,0,0,0.366707767673562,0,0,0,0,0
2009,3,15,0.326763973986674,0,0,0,0,0,0.326763973986674,0,0,0,0,0,0.326763973986674,0,0,0,0,0,0.326763973986674,0,0,0,0,0
2009,3,16,0.35740072683269,0,0,0,0,0,0.35740072683269,0,0,0,0,0,0.35740072683269,0,0,0,0,0,0.35740072683269,0,0,0,0,0
2009,3,17,0.409101741919728,0,0,0,0,0,0.409101741919728,0,0,0,0,0,0.409101741919728,0,0,0,0,0,0.409101741919728,0,0,0,0,0
2009,3,18,0.3024,0,0,0,0,0,0.3024,0,0,0,0,0,0.3024,0,0,0,0,0,0.3024,0,0,0,0,0
2009,3,19,0.327415311120477,0,0,0,0,0,0.327415311120477,0,0,0,0,0,0.327415311120477,0,0,0,0,0,0.327415311120477,0,0,0,0,0
2009,3,20,0.387070621792261,0,0,0,0,0,0.387070621792261,0,0,0,0,0,0.387070621792261,0,0,0,0,0,0.387070621792261,0,0,0,0,0
2009,3,21,0.31754811841766,0,0,0,0,0,0.31754811841766,0,0,0,0,0,0.31754811841766,0,0,0,0,0,0.31754811841766,0,0,0,0,0
2009,3,22,0.3024,0,0,0,0,0,0.3024,0,0,0,0,0,0.3024,0,0,0,0,0,0.3024,0,0,0,0,0
2009,3,23,0.336026146316851,0,0,0,0,0,0.336026146316851,0,0,0,0,0,0.336026146316851,0,0,0,0,0,0.336026146316851,0,0,0,0,0
2009,3,24,0.3024,0,0,0,0,0,0.3024,0,0,0,0,0,0.3024,0,0,0,0,0,0.3024,0,0,0,0,0
2009,3,25,0.34051276615043,0,0,0,0,0,0.34051276615043,0,0,0,0,0,0.34051276615043,0,0,0,0,0,0.34051276615043,0,0,0,0,0
2009,3,26,0.413259901700073,0,0,0,0,0,0.413259901700073,0,0,0,0,0,0.413259901700073,0,0,0,0,0,0.413259901700073,0,0,0,0,0
2009,3,27,0.366319465757813,0,0,0,0,0,0.366319465757813,0,0,0,0,0,0.366319465757813,0,0,0,0,0,0.366319465757813,0,0,0,0,0
2009,3,28,0.340383188641577,0,0,0,0,0,0.340383188641577,0,0,0,0,0,0.340383188641577,0,0,0,0,0,0.340383188641577,0,0,0,0,0
2009,3,29,0.400152842029029,0,0,0,0,0,0.400152842029029,0,0,0,0,0,0.400152842029029,0,0,0,0,0,0.400152842029029,0,0,0,0,0
2009,3,30,0.442164377838952,0,0,0,0,0,0.442164377838952,0,0,0,0,0,0.442164377838952,0,0,0,0,0,0.442164377838952,0,0,0,0,0
2009,3,31,0.3601893464582,0,0,0,0,0,0.3601893464582,0,0,0,0,0,0.3601893464582,0,0,0,0,0,0.3601893464582,0,0,0,0,0
2009,4,1,0.36343708554367,0,0,0,0,0,0.36343708554367,0,0,0,0,0,0.36343708554367,0,0,0,0,0,0.36343708554367,0,0,0,0,0
2009,4,2,0.319668105875468,0,0,0,0,0,0.319668105875468,0,0,0,0,0,0.319668105875468,0,0,0,0,0,0.319668105875468,0,0,0,0,0
2009,4,3,0.3024,0,0,0,0,0,0.3024,0,0,0,0,0,0.3024,0,0,0,0,0,0.3024,0,0,0,0,0
2009,4,4,0.326412504668756,0,0,0,0,0,0.326412504668756,0,0,0,0,0,0.326412504668756,0,0,0,0,0,0.326412504668756,0,0,0,0,0
2009,4,5,0.359568417815225,0,0,0,0,0,0.359568417815225,0,0,0,0,0,0.359568417815225,0,0,0,0,0,0.359568417815225,0,0,0,0,0
2009,4,6,0.344571555826501,0,0,0,0,0,0.344571555826501,0,0,0,0,0,0.344571555826501,0,0,0,0,0,0.344571555826501,0,0,0,0,0
2009,4,7,0.346582006936259,0,0,0,0,0,0.346582006936259,0,0,0,0,0,0.346582006936259,0,0,0,0,0,0.346582006936259,0,0,0,0,0
2009,4,8,0.41456034978108,0,0,0,0,0,0.41456034978108,0,0,0,0,0,0.41456034978108,0,0,0,0,0,0.41456034978108,0,0,0,0,0
2009,4,9,0.500633445906587,0,0,0,0,0,0.500633445906587,0,0,0,0,0,0.500633445906587,0,0,0,0,0,0.500633445906587,0,0,0,0,0
2009,4,10,0.44035299164399,0,0,0,0,0,0.44035299164399,0,0,0,0,0,0.44035299164399,0,0,0,0,0,0.44035299164399,0,0,0,0,0
2009,4,11,0.474499127036646,0,0,0,0,0,0.474499127036646,0,0,0,0,0,0.474499127036646,0,0,0,0,0,0.474499127036646,0,0,0,0,0
2009,4,12,0.469972149988069,0,0,0,0,0,0.469972149988069,0,0,0,0,0,0.469972149988069,0,0,0,0,0,0.469972149988069,0,0,0,0,0
2009,4,13,0.3024,0,0,0,0,0,0.3024,0,0,0,0,0,0.3024,0,0,0,0,0,0.3024,0,0,0,0,0
2009,4,14,0.3024,0,0,0,0,0,0.3024,0,0,0,0,0,0.3024,0,0,0,0,0,0.3024,0,0,0,0,0
2009,4,15,0.407751956558268,0,0,0,0,0,0.407751956558268,0,0,0,0,0,0.407751956558268,0,0,0,0,0,0.407751956558268,0,0,0,0,0
2009,4,16,0.361473957373711,0,0,0,0,0,0.361473957373711,0,0,0,0,0,0.361473957373711,0,0,0,0,0,0.361473957373711,0,0,0,0,0
2009,4,17,0.382012821476457,0,0,0,0,0,0.382012821476457,0,0,0,0,0,0.382012821476457,0,0,0,0,0,0.382012821476457,0,0,0,0,0
2009,4,18,0.486876544562284,0,0,0,0,0,0.486876544562284,0,0,0,0,0,0.486876544562284,0,0,0,0,0,0.486876544562284,0,0,0,0,0
2009,4,19,0.44059136844982,0,0,0,0,0,0.44059136844982,0,0,0,0,0,0.44059136844982,0,0,0,0,0,0.44059136844982,0,0,0,0,0
2009,4,20,0.450909493693309,0,0,0,0,0,0.450909493693309,0,0,0,0,0,0.450909493693309,0,0,0,0,0,0.450909493693309,0,0,0,0,0
2009,4,21,0.437198339534891,0,0,0,0,0,0.437198339534891,0,0,0,0,0,0.437198339534891,0,0,0,0,0,0.437198339534891,0,0,0,0,0
2009,4,22,0.497629212858735,0,0,0,0,0,0.497629212858735,0,0,0,0,0,0.497629212858735,0,0,0,0,0,0.497629212858735,0,0,0,0,0
2009,4,23,0.441890171819516,0,0,0,0,0,0.441890171819516,0,0,0,0,0,0.441890171819516,0,0,0,0,0,0.441890171819516,0,0,0,0,0
2009,4,24,0.391124773334503,0,0,0,0,0,0.391124773334503,0,0,0,0,0,0.391124773334503,0,0,0,0,0,0.391124773334503,0,0,0,0,0
2009,4,25,0.454074163729119,0,0,0,0,0,0.454074163729119,0,0,0,0,0,0.454074163729119,0,0,0,0,0,0.454074163729119,0,0,0,0,0
2009,4,26,0.490795952933386,0,0,0,0,0,0.490795952933386,0,0,0,0,0,0.490795952933386,0,0,0,0,0,0.490795952933386,0,0,0,0,0
2009,4,27,0.367147428572474,0,0,0,0,0,0.367147428572474,0,0,0,0,0,0.367147428572474,0,0,0,0,0,0.367147428572474,0,0,0,0,0
2009,4,28,0.361444892578596,0,0,0,0,0,0.361444892578596,0,0,0,0,0,0.361444892578596,0,0,0,0,0,0.361444892578596,0,0,0,0,0
2009,4,29,0.343629732090511,0,0,0,0,0,0.343629732090511,0,0,0,0,0,0.343629732090511,0,0,0,0,0,0.343629732090511,0,0,0,0,0
2009,4,30,0.334235231485104,0,0,0,0,0,0.334235231485104,0,0,0,0,0,0.334235231485104,0,0,0,0,0,0.334235231485104,0,0,0,0,0
2009,5,1,0.368682163052742,0,0,0,0,0,0.368682163052742,0,0,0,0,0,0.368682163052742,0,0,0,0,0,0.368682163052742,0,0,0,0,0
2009,5,2,0.456953022917595,0,0,0,0,0,0.456953022917595,0,0,0,0,0,0.456953022917595,0,0,0,0,0,0.456953022917595,0,0,0,0,0
2009,5,3,0.522238779132095,0,0,0,0,0,0.522238779132095,0,0,0,0,0,0.522238779132095,0,0,0,0,0,0.522238779132095,0,0,0,0,0
2009,5,4,0.553339210698656,0,0,0,0,0,0.553339210698656,0,0,0,0,0,0.553339210698656,0,0,0,0,0,0.553339210698656,0,0,0,0,0
2009,5,5,0.545097526504747,0,0,0,0,0,0.545097526504747,0,0,0,0,0,0.545097526504747,0,0,0,0,0,0.545097526504747,0,0,0,0,0
2009,5,6,0.513150567219568,0,0,0,0,0,0.513150567219568,0,0,0,0,0,0.513150567219568,0,0,0,0,0,0.513150567219568,0,0,0,0,0
2009,5,7,0.41638066561822,0,0,0,0,0,0.41638066561822,0,0,0,0,0,0.41638066561822,0,0,0,0,0,0.41638066561822,0,0,0,0,0
2009,5,8,0.348038192222597,0,0,0,0,0,0.348038192222597,0,0,0,0,0,0.348038192222597,0,0,0,0,0,0.348038192222597,0,0,0,0,0
2009,5,9,0.398810237767129,0,0,0,0,0,0.398810237767129,0,0,0,0,0,0.398810237767129,0,0,0,0,0,0.398810237767129,0,0,0,0,0
2009,5,10,0.420064663743682,0,0,0,0,0,0.420064663743682,0,0,0,0,0,0.420064663743682,0,0,0,0,0,0.420064663743682,0,0,0,0,0
2009,5,11,0.3024,0,0,0,0,0,0.3024,0,0,0,0,0,0.3024,0,0,0,0,0,0.3024,0,0,0,0,0
2009,5,12,0.3024,0,0,0,0,0,0.3024,0,0,0,0,0,0.3024,0,0,0,0,0,0.3024,0,0,0,0,0
2009,5,13,0.331870197695701,0,0,0,0,0,0.331870197695701,0,0,0,0,0,0.331870197695701,0,0,0,0,0,0.331870197695701,0,0,0,0,0
2009,5,14,0.364170923437126,0,0,0,0,0,0.364170923437126,0,0,0,0,0,0.364170923437126,0,0,0,0,0,0.364170923437126,0,0,0,0,0
2009,5,15,0.395008912545094,0,0,0,0,0,0.395008912545094,0,0,0,0,0,0.395008912545094,0,0,0,0,0,0.395008912545094,0,0,0,0,0
2009,5,16,0.411816715412143,0,0,0,0,0,0.411816715412143,0,0,0,0,0,0.411816715412143,0,0,0,0,0,0.411816715412143,0,0,0,0,0
2009,5,17,0.439898808030527,0,0,0,0,0,0.439898808030527,0,0,0,0,0,0.439898808030527,0,0,0,0,0,0.439898808030527,0,0,0,0,0
2009,5,18,0.548034167775991,0,0,0,0,0,0.548034167775991,0,0,0,0,0,0.548034167775991,0,0,0,0,0,0.548034167775991,0,0,0,0,0
2009,5,19,0.540385113205723,0,0,0,0,0,0.540385113205723,0,0,0,0,0,0.540385113205723,0,0,0,0,0,0.540385113205723,0,0,0,0,0
2009,5,20,0.475586629706047,0,0,0,0,0,0.475586629706047,0,0,0,0,0,0.475586629706047,0,0,0,0,0,0.475586629706047,0,0,0,0,0
2009,5,21,0.461790385003171,0,0,0,0,0,0.461790385003171,0,0,0,0,0,0.461790385003171,0,0,0,0,0,0.461790385003171,0,0,0,0,0
2009,5,22,0.47053805289603,0,0,0,0,0,0.47053805289603,0,0,0,0,0,0.47053805289603,0,0,0,0,0,0.47053805289603,0,0,0,0,0
2009,5,23,0.464669127984517,0,0,0,0,0,0.464669127984517,0,0,0,0,0,0.464669127984517,0,0,0,0,0,0.464669127984517,0,0,0,0,0
2009,5,24,0.454374721346258,0,0,0,0,0,0.454374721346258,0,0,0,0,0,0.454374721346258,0,0,0,0,0,0.454374721346258,0,0,0,0,0
2009,5,25,0.443588875031813,0,0,0,0,0,0.443588875031813,0,0,0,0,0,0.443588875031813,0,0,0,0,0,0.443588875031813,0,0,0,0,0
2009,5,26,0.489416714772465,0,0,0,0,0,0.489416714772465,0,0,0,0,0,0.489416714772465,0,0,0,0,0,0.489416714772465,0,0,0,0,0
2009,5,27,0.549540087350127,0,0,0,0,0,0.549540087350127,0,0,0,0,0,0.549540087350127,0,0,0,0,0,0.549540087350127,0,0,0,0,0
2009,5,28,0.581428475094364,0,0,0,0,0,0.581428475094364,0,0,0,0,0,0.581428475094364,0,0,0,0,0,0.581428475094364,0,0,0,0,0
2009,5,29,0.579356908225154,0,0,0,0,0,0.579356908225154,0,0,0,0,0,0.579356908225154,0,0,0,0,0,0.579356908225154,0,0,0,0,0
2009,5,30,0.492532599546393,0,0,0,0,0,0.492532599546393,0,0,0,0,0,0.492532599546393,0,0,0,0,0,0.492532599546393,0,0,0,0,0
2009,5,31,0.521115612751869,0,0,0,0,0,0.521115612751869,0,0,0,0,0,0.521115612751869,0,0,0,0,0,0.521115612751869,0,0,0,0,0
2009,6,1,0.553993216247646,0,0,0,0,0,0.553993216247646,0,0,0,0,0,0.553993216247646,0,0,0,0,0,0.553993216247646,0,0,0,0,0
2009,6,2,0.556572868051343,0,0,0,0,0,0.556572868051343,0,0,0,0,0,0.556572868051343,0,0,0,0,0,0.556572868051343,0,0,0,0,0
2009,6,3,0.620173466540202,0,0,0,0,0,0.620173466540202,0,0,0,0,0,0.620173466540202,0,0,0,0,0,0.620173466540202,0,0,0,0,0
2009,6,4,0.538491507360224,0,0,0,0,0,0.538491507360224,0,0,0,0,0,0.538491507360224,0,0,0,0,0,0.538491507360224,0,0,0,0,0
2009,6,5,0.498695059648605,0,0,0,0,0,0.498695059648605,0,0,0,0,0,0.498695059648605,0,0,0,0,0,0.498695059648605,0,0,0,0,0
2009,6,6,0.516741919576674,0,0,0,0,0,0.516741919576674,0,0,0,0,0,0.516741919576674,0,0,0,0,0,0.516741919576674,0,0,0,0,0
2009,6,7,0.456585307805623,0,0,0,0,0,0.456585307805623,0,0,0,0,0,0.456585307805623,0,0,0,0,0,0.456585307805623,0,0,0,0,0
2009,6,8,0.424712418019637,0,0,0,0,0,0.424712418019637,0,0,0,0,0,0.424712418019637,0,0,0,0,0,0.424712418019637,0,0,0,0,0
2009,6,9,0.431018745332811,0,0,0,0,0,0.431018745332811,0,0,0,0,0,0.431018745332811,0,0,0,0,0,0.431018745332811,0,0,0,0,0
2009,6,10,0.538839515388719,0,0,0,0,0,0.538839515388719,0,0,0,0,0,0.538839515388719,0,0,0,0,0,0.538839515388719,0,0,0,0,0
2009,6,11,0.540483732126783,0,0,0,0,0,0.540483732126783,0,0,0,0,0,0.540483732126783,0,0,0,0,0,0.540483732126783,0,0,0,0,0
2009,6,12,0.502146720052456,0,0,0,0,0,0.502146720052456,0,0,0,0,0,0.502146720052456,0,0,0,0,0,0.502146720052456,0,0,0,0,0
2009,6,13,0.611962080497382,0,0,0,0,0,0.611962080497382,0,0,0,0,0,0.611962080497382,0,0,0,0,0,0.611962080497382,0,0,0,0,0
2009,6,14,0.495813644003108,0,0,0,0,0,0.495813644003108,0,0,0,0,0,0.495813644003108,0,0,0,0,0,0.495813644003108,0,0,0,0,0
2009,6,15,0.497137670564336,0,0,0,0,0,0.497137670564336,0,0,0,0,0,0.497137670564336,0,0,0,0,0,0.497137670564336,0,0,0,0,0
2009,6,16,0.581637978268494,0,0,0,0,0,0.581637978268494,0,0,0,0,0,0.581637978268494,0,0,0,0,0,0.581637978268494,0,0,0,0,0
2009,6,17,0.619867920429741,0,0,0,0,0,0.619867920429741,0,0,0,0,0,0.619867920429741,0,0,0,0,0,0.619867920429741,0,0,0,0,0
2009,6,18,0.524062263670441,0,0,0,0,0,0.524062263670441,0,0,0,0,0,0.524062263670441,0,0,0,0,0,0.524062263670441,0,0,0,0,0
2009,6,19,0.523112941338532,0,0,0,0,0,0.523112941338532,0,0,0,0,0,0.523112941338532,0,0,0,0,0,0.523112941338532,0,0,0,0,0
2009,6,20,0.523112941338532,0,0,0,0,0,0.523112941338532,0,0,0,0,0,0.523112941338532,0,0,0,0,0,0.523112941338532,0,0,0,0,0
2009,6,21,0.523112941338532,0,0,0,0,0,0.523112941338532,0,0,0,0,0,0.523112941338532,0,0,0,0,0,0.523112941338532,0,0,0,0,0
2009,6,22,0.517802236052236,0,0,0,0,0,0.517802236052236,0,0,0,0,0,0.517802236052236,0,0,0,0,0,0.517802236052236,0,0,0,0,0
2009,6,23,0.51211644533666,0,0,0,0,0,0.51211644533666,0,0,0,0,0,0.51211644533666,0,0,0,0,0,0.51211644533666,0,0,0,0,0
2009,6,24,0.518036484314173,0,0,0,0,0,0.518036484314173,0,0,0,0,0,0.518036484314173,0,0,0,0,0,0.518036484314173,0,0,0,0,0
2009,6,25,0.57896338981875,0,0,0,0,0,0.57896338981875,0,0,0,0,0,0.57896338981875,0,0,0,0,0,0.57896338981875,0,0,0,0,0
2009,6,26,0.605718733885082,0,0,0,0,0,0.605718733885082,0,0,0,0,0,0.605718733885082,0,0,0,0,0,0.605718733885082,0,0,0,0,0
2009,6,27,0.527788507942837,0,0,0,0,0,0.527788507942837,0,0,0,0,0,0.527788507942837,0,0,0,0,0,0.527788507942837,0,0,0,0,0
2009,6,28,0.563487278651027,0,0,0,0,0,0.563487278651027,0,0,0,0,0,0.563487278651027,0,0,0,0,0,0.563487278651027,0,0,0,0,0
2009,6,29,0.624899369785598,0,0,0,0,0,0.624899369785598,0,0,0,0,0,0.624899369785598,0,0,0,0,0,0.624899369785598,0,0,0,0,0
2009,6,30,0.597197298676288,0,0,0,0,0,0.597197298676288,0,0,0,0,0,0.597197298676288,0,0,0,0,0,0.597197298676288,0,0,0,0,0
2009,7,1,0.511308523114081,0,0,0,0,0,0.511308523114081,0,0,0,0,0,0.511308523114081,0,0,0,0,0,0.511308523114081,0,0,0,0,0
2009,7,2,0.530270066822068,0,0,0,0,0,0.530270066822068,0,0,0,0,0,0.530270066822068,0,0,0,0,0,0.530270066822068,0,0,0,0,0
2009,7,3,0.597580270541904,0,0,0,0,0,0.597580270541904,0,0,0,0,0,0.597580270541904,0,0,0,0,0,0.597580270541904,0,0,0,0,0
2009,7,4,0.609145540220895,0,0,0,0,0,0.609145540220895,0,0,0,0,0,0.609145540220895,0,0,0,0,0,0.609145540220895,0,0,0,0,0
2009,7,5,0.639691070090998,0,0,0,0,0,0.639691070090998,0,0,0,0,0,0.639691070090998,0,0,0,0,0,0.639691070090998,0,0,0,0,0
2009,7,6,0.667672348284899,0,0,0,0,0,0.667672348284899,0,0,0,0,0,0.667672348284899,0,0,0,0,0,0.667672348284899,0,0,0,0,0
2009,7,7,0.667933683243683,0,0,0,0,0,0.667933683243683,0,0,0,0,0,0.667933683243683,0,0,0,0,0,0.667933683243683,0,0,0,0,0
2009,7,8,0.543441646311144,0,0,0,0,0,0.543441646311144,0,0,0,0,0,0.543441646311144,0,0,0,0,0,0.543441646311144,0,0,0,0,0
2009,7,9,0.63049260980575,0,0,0,0,0,0.63049260980575,0,0,0,0,0,0.63049260980575,0,0,0,0,0,0.63049260980575,0,0,0,0,0
2009,7,10,0.653434607546757,0,0,0,0,0,0.653434607546757,0,0,0,0,0,0.653434607546757,0,0,0,0,0,0.653434607546757,0,0,0,0,0
2009,7,11,0.58328390843032,0,0,0,0,0,0.58328390843032,0,0,0,0,0,0.58328390843032,0,0,0,0,0,0.58328390843032,0,0,0,0,0
2009,7,12,0.53812856820908,0,0,0,0,0,0.53812856820908,0,0,0,0,0,0.53812856820908,0,0,0,0,0,0.53812856820908,0,0,0,0,0
2009,7,13,0.573751909275002,0,0,0,0,0,0.573751909275002,0,0,0,0,0,0.573751909275002,0,0,0,0,0,0.573751909275002,0,0,0,0,0
2009,7,14,0.559771324015718,0,0,0,0,0,0.559771324015718,0,0,0,0,0,0.559771324015718,0,0,0,0,0,0.559771324015718,0,0,0,0,0
2009,7,15,0.525220398400601,0,0,0,0,0,0.525220398400601,0,0,0,0,0,0.525220398400601,0,0,0,0,0,0.525220398400601,0,0,0,0,0
2009,7,16,0.500708127782541,0,0,0,0,0,0.500708127782541,0,0,0,0,0,0.500708127782541,0,0,0,0,0,0.500708127782541,0,0,0,0,0
2009,7,17,0.513764618746829,0,0,0,0,0,0.513764618746829,0,0,0,0,0,0.513764618746829,0,0,0,0,0,0.513764618746829,0,0,0,0,0
2009,7,18,0.596950325688498,0,0,0,0,0,0.596950325688498,0,0,0,0,0,0.596950325688498,0,0,0,0,0,0.596950325688498,0,0,0,0,0
2009,7,19,0.643197766875083,0,0,0,0,0,0.643197766875083,0,0,0,0,0,0.643197766875083,0,0,0,0,0,0.643197766875083,0,0,0,0,0
2009,7,20,0.661402738461559,0,0,0,0,0,0.661402738461559,0,0,0,0,0,0.661402738461559,0,0,0,0,0,0.661402738461559,0,0,0,0,0
2009,7,21,0.679094492122372,0,0,0,0,0,0.679094492122372,0,0,0,0,0,0.679094492122372,0,0,0,0,0,0.679094492122372,0,0,0,0,0
2009,7,22,0.638864629611552,0,0,0,0,0,0.638864629611552,0,0,0,0,0,0.638864629611552,0,0,0,0,0,0.638864629611552,0,0,0,0,0
2009,7,23,0.61602506271372,0,0,0,0,0,0.61602506271372,0,0,0,0,0,0.61602506271372,0,0,0,0,0,0.61602506271372,0,0,0,0,0
2009,7,24,0.663506715611418,0,0,0,0,0,0.663506715611418,0,0,0,0,0,0.663506715611418,0,0,0,0,0,0.663506715611418,0,0,0,0,0
2009,7,25,0.628173289554623,0,0,0,0,0,0.628173289554623,0,0,0,0,0,0.628173289554623,0,0,0,0,0,0.628173289554623,0,0,0,0,0
2009,7,26,0.592952706384869,0,0,0,0,0,0.592952706384869,0,0,0,0,0,0.592952706384869,0,0,0,0,0,0.592952706384869,0,0,0,0,0
2009,7,27,0.552732214930644,0,0,0,0,0,0.552732214930644,0,0,0,0,0,0.552732214930644,0,0,0,0,0,0.552732214930644,0,0,0,0,0
2009,7,28,0.558285144548761,0,0,0,0,0,0.558285144548761,0,0,0,0,0,0.558285144548761,0,0,0,0,0,0.558285144548761,0,0,0,0,0
2009,7,29,0.523493235187653,0,0,0,0,0,0.523493235187653,0,0,0,0,0,0.523493235187653,0,0,0,0,0,0.523493235187653,0,0,0,0,0
2009,7,30,0.451295880087313,0,0,0,0,0,0.451295880087313,0,0,0,0,0,0.451295880087313,0,0,0,0,0,0.451295880087313,0,0,0,0,0
2009,7,31,0.502371373002006,0,0,0,0,0,0.502371373002006,0,0,0,0,0,0.502371373002006,0,0,0,0,0,0.502371373002006,0,0,0,0,0
2009,8,1,0.53674673251282,0,0,0,0,0,0.53674673251282,0,0,0,0,0,0.53674673251282,0,0,0,0,0,0.53674673251282,0,0,0,0,0
2009,8,2,0.553985472806449,0,0,0,0,0,0.553985472806449,0,0,0,0,0,0.553985472806449,0,0,0,0,0,0.553985472806449,0,0,0,0,0
2009,8,3,0.591807523716791,0,0,0,0,0,0.591807523716791,0,0,0,0,0,0.591807523716791,0,0,0,0,0,0.591807523716791,0,0,0,0,0
2009,8,4,0.587634719046843,0,0,0,0,0,0.587634719046843,0,0,0,0,0,0.587634719046843,0,0,0,0,0,0.587634719046843,0,0,0,0,0
2009,8,5,0.555116961395888,0,0,0,0,0,0.555116961395888,0,0,0,0,0,0.555116961395888,0,0,0,0,0,0.555116961395888,0,0,0,0,0
2009,8,6,0.575092093181189,0,0,0,0,0,0.575092093181189,0,0,0,0,0,0.575092093181189,0,0,0,0,0,0.575092093181189,0,0,0,0,0
2009,8,7,0.531009709785548,0,0,0,0,0,0.531009709785548,0,0,0,0,0,0.531009709785548,0,0,0,0,0,0.531009709785548,0,0,0,0,0
2009,8,8,0.557934553481418,0,0,0,0,0,0.557934553481418,0,0,0,0,0,0.557934553481418,0,0,0,0,0,0.557934553481418,0,0,0,0,0
2009,8,9,0.559482415113308,0,0,0,0,0,0.559482415113308,0,0,0,0,0,0.559482415113308,0,0,0,0,0,0.559482415113308,0,0,0,0,0
2009,8,10,0.52665902585524,0,0,0,0,0,0.52665902585524,0,0,0,0,0,0.52665902585524,0,0,0,0,0,0.52665902585524,0,0,0,0,0
2009,8,11,0.562725997363545,0,0,0,0,0,0.562725997363545,0,0,0,0,0,0.562725997363545,0,0,0,0,0,0.562725997363545,0,0,0,0,0
2009,8,12,0.600862193903888,0,0,0,0,0,0.600862193903888,0,0,0,0,0,0.600862193903888,0,0,0,0,0,0.600862193903888,0,0,0,0,0
2009,8,13,0.612033468517154,0,0,0,0,0,0.612033468517154,0,0,0,0,0,0.612033468517154,0,0,0,0,0,0.612033468517154,0,0,0,0,0
2009,8,14,0.5677487167742,0,0,0,0,0,0.5677487167742,0,0,0,0,0,0.5677487167742,0,0,0,0,0,0.5677487167742,0,0,0,0,0
2009,8,15,0.57094821836683,0,0,0,0,0,0.57094821836683,0,0,0,0,0,0.57094821836683,0,0,0,0,0,0.57094821836683,0,0,0,0,0
2009,8,16,0.617939847703645,0,0,0,0,0,0.617939847703645,0,0,0,0,0,0.617939847703645,0,0,0,0,0,0.617939847703645,0,0,0,0,0
2009,8,17,0.609162274282675,0,0,0,0,0,0.609162274282675,0,0,0,0,0,0.609162274282675,0,0,0,0,0,0.609162274282675,0,0,0,0,0
2009,8,18,0.601458214675104,0,0,0,0,0,0.601458214675104,0,0,0,0,0,0.601458214675104,0,0,0,0,0,0.601458214675104,0,0,0,0,0
2009,8,19,0.567709211240808,0,0,0,0,0,0.567709211240808,0,0,0,0,0,0.567709211240808,0,0,0,0,0,0.567709211240808,0,0,0,0,0
2009,8,20,0.581734692793008,0,0,0,0,0,0.581734692793008,0,0,0,0,0,0.581734692793008,0,0,0,0,0,0.581734692793008,0,0,0,0,0
2009,8,21,0.569212006667305,0,0,0,0,0,0.569212006667305,0,0,0,0,0,0.569212006667305,0,0,0,0,0,0.569212006667305,0,0,0,0,0
2009,8,22,0.502903036660853,0,0,0,0,0,0.502903036660853,0,0,0,0,0,0.502903036660853,0,0,0,0,0,0.502903036660853,0,0,0,0,0
2009,8,23,0.518963373110897,0,0,0,0,0,0.518963373110897,0,0,0,0,0,0.518963373110897,0,0,0,0,0,0.518963373110897,0,0,0,0,0
2009,8,24,0.557086095874051,0,0,0,0,0,0.557086095874051,0,0,0,0,0,0.557086095874051,0,0,0,0,0,0.557086095874051,0,0,0,0,0
2009,8,25,0.509381861815244,0,0,0,0,0,0.509381861815244,0,0,0,0,0,0.509381861815244,0,0,0,0,0,0.509381861815244,0,0,0,0,0
2009,8,26,0.518362384540288,0,0,0,0,0,0.518362384540288,0,0,0,0,0,0.518362384540288,0,0,0,0,0,0.518362384540288,0,0,0,0,0
2009,8,27,0.506807007919644,0,0,0,0,0,0.506807007919644,0,0,0,0,0,0.506807007919644,0,0,0,0,0,0.506807007919644,0,0,0,0,0
2009,8,28,0.464919184246326,0,0,0,0,0,0.464919184246326,0,0,0,0,0,0.464919184246326,0,0,0,0,0,0.464919184246326,0,0,0,0,0
2009,8,29,0.517535155849218,0,0,0,0,0,0.517535155849218,0,0,0,0,0,0.517535155849218,0,0,0,0,0,0.517535155849218,0,0,0,0,0
2009,8,30,0.565232776972142,0,0,0,0,0,0.565232776972142,0,0,0,0,0,0.565232776972142,0,0,0,0,0,0.565232776972142,0,0,0,0,0
2009,8,31,0.514878035186718,0,0,0,0,0,0.514878035186718,0,0,0,0,0,0.514878035186718,0,0,0,0,0,0.514878035186718,0,0,0,0,0
2009,9,1,0.523186766613221,0,0,0,0,0,0.523186766613221,0,0,0,0,0,0.523186766613221,0,0,0,0,0,0.523186766613221,0,0,0,0,0
2009,9,2,0.555850345185139,0,0,0,0,0,0.555850345185139,0,0,0,0,0,0.555850345185139,0,0,0,0,0,0.555850345185139,0,0,0,0,0
2009,9,3,0.634779930256731,0,0,0,0,0,0.634779930256731,0,0,0,0,0,0.634779930256731,0,0,0,0,0,0.634779930256731,0,0,0,0,0
2009,9,4,0.497976018222387,0,0,0,0,0,0.497976018222387,0,0,0,0,0,0.497976018222387,0,0,0,0,0,0.497976018222387,0,0,0,0,0
2009,9,5,0.44108119931923,0,0,0,0,0,0.44108119931923,0,0,0,0,0,0.44108119931923,0,0,0,0,0,0.44108119931923,0,0,0,0,0
2009,9,6,0.479968685296393,0,0,0,0,0,0.479968685296393,0,0,0,0,0,0.479968685296393,0,0,0,0,0,0.479968685296393,0,0,0,0,0
2009,9,7,0.545108987239424,0,0,0,0,0,0.545108987239424,0,0,0,0,0,0.545108987239424,0,0,0,0,0,0.545108987239424,0,0,0,0,0
2009,9,8,0.561225537587774,0,0,0,0,0,0.561225537587774,0,0,0,0,0,0.561225537587774,0,0,0,0,0,0.561225537587774,0,0,0,0,0
2009,9,9,0.511956948986333,0,0,0,0,0,0.511956948986333,0,0,0,0,0,0.511956948986333,0,0,0,0,0,0.511956948986333,0,0,0,0,0
2009,9,10,0.475719317684902,0,0,0,0,0,0.475719317684902,0,0,0,0,0,0.475719317684902,0,0,0,0,0,0.475719317684902,0,0,0,0,0
2009,9,11,0.371208587745467,0,0,0,0,0,0.371208587745467,0,0,0,0,0,0.371208587745467,0,0,0,0,0,0.371208587745467,0,0,0,0,0
2009,9,12,0.324071920114618,0,0,0,0,0,0.324071920114618,0,0,0,0,0,0.324071920114618,0,0,0,0,0,0.324071920114618,0,0,0,0,0
2009,9,13,0.462991820962297,0,0,0,0,0,0.462991820962297,0,0,0,0,0,0.462991820962297,0,0,0,0,0,0.462991820962297,0,0,0,0,0
2009,9,14,0.545571403559941,0,0,0,0,0,0.545571403559941,0,0,0,0,0,0.545571403559941,0,0,0,0,0,0.545571403559941,0,0,0,0,0
2009,9,15,0.480555377014948,0,0,0,0,0,0.480555377014948,0,0,0,0,0,0.480555377014948,0,0,0,0,0,0.480555377014948,0,0,0,0,0
2009,9,16,0.565638334899939,0,0,0,0,0,0.565638334899939,0,0,0,0,0,0.565638334899939,0,0,0,0,0,0.565638334899939,0,0,0,0,0
2009,9,17,0.580562912972136,0,0,0,0,0,0.580562912972136,0,0,0,0,0,0.580562912972136,0,0,0,0,0,0.580562912972136,0,0,0,0,0
2009,9,18,0.58054279612868,0,0,0,0,0,0.58054279612868,0,0,0,0,0,0.58054279612868,0,0,0,0,0,0.58054279612868,0,0,0,0,0
2009,9,19,0.59202415250801,0,0,0,0,0,0.59202415250801,0,0,0,0,0,0.59202415250801,0,0,0,0,0,0.59202415250801,0,0,0,0,0
2009,9,20,0.528551311881765,0,0,0,0,0,0.528551311881765,0,0,0,0,0,0.528551311881765,0,0,0,0,0,0.528551311881765,0,0,0,0,0
2009,9,21,0.493873700378612,0,0,0,0,0,0.493873700378612,0,0,0,0,0,0.493873700378612,0,0,0,0,0,0.493873700378612,0,0,0,0,0
2009,9,22,0.507152077720775,0,0,0,0,0,0.507152077720775,0,0,0,0,0,0.507152077720775,0,0,0,0,0,0.507152077720775,0,0,0,0,0
2009,9,23,0.52973641696797,0,0,0,0,0,0.52973641696797,0,0,0,0,0,0.52973641696797,0,0,0,0,0,0.52973641696797,0,0,0,0,0
2009,9,24,0.539252071679649,0,0,0,0,0,0.539252071679649,0,0,0,0,0,0.539252071679649,0,0,0,0,0,0.539252071679649,0,0,0,0,0
2009,9,25,0.568602586584661,0,0,0,0,0,0.568602586584661,0,0,0,0,0,0.568602586584661,0,0,0,0,0,0.568602586584661,0,0,0,0,0
2009,9,26,0.567140581463416,0,0,0,0,0,0.567140581463416,0,0,0,0,0,0.567140581463416,0,0,0,0,0,0.567140581463416,0,0,0,0,0
2009,9,27,0.546883988846464,0,0,0,0,0,0.546883988846464,0,0,0,0,0,0.546883988846464,0,0,0,0,0,0.546883988846464,0,0,0,0,0
2009,9,28,0.472374597899419,0,0,0,0,0,0.472374597899419,0,0,0,0,0,0.472374597899419,0,0,0,0,0,0.472374597899419,0,0,0,0,0
2009,9,29,0.419550454840807,0,0,0,0,0,0.419550454840807,0,0,0,0,0,0.419550454840807,0,0,0,0,0,0.419550454840807,0,0,0,0,0
2009,9,30,0.435399004147044,0,0,0,0,0,0.435399004147044,0,0,0,0,0,0.435399004147044,0,0,0,0,0,0.435399004147044,0,0,0,0,0
2009,10,1,0.392657515258193,0,0,0,0,0,0.392657515258193,0,0,0,0,0,0.392657515258193,0,0,0,0,0,0.392657515258193,0,0,0,0,0
2009,10,2,0.392488837551422,0,0,0,0,0,0.392488837551422,0,0,0,0,0,0.392488837551422,0,0,0,0,0,0.392488837551422,0,0,0,0,0
2009,10,3,0.365132922858025,0,0,0,0,0,0.365132922858025,0,0,0,0,0,0.365132922858025,0,0,0,0,0,0.365132922858025,0,0,0,0,0
2009,10,4,0.453933746308427,0,0,0,0,0,0.453933746308427,0,0,0,0,0,0.453933746308427,0,0,0,0,0,0.453933746308427,0,0,0,0,0
2009,10,5,0.462623132043867,0,0,0,0,0,0.462623132043867,0,0,0,0,0,0.462623132043867,0,0,0,0,0,0.462623132043867,0,0,0,0,0
2009,10,6,0.495704326688277,0,0,0,0,0,0.495704326688277,0,0,0,0,0,0.495704326688277,0,0,0,0,0,0.495704326688277,0,0,0,0,0
2009,10,7,0.496131134108464,0,0,0,0,0,0.496131134108464,0,0,0,0,0,0.496131134108464,0,0,0,0,0,0.496131134108464,0,0,0,0,0
2009,10,8,0.49055827595397,0,0,0,0,0,0.49055827595397,0,0,0,0,0,0.49055827595397,0,0,0,0,0,0.49055827595397,0,0,0,0,0
2009,10,9,0.415174337643955,0,0,0,0,0,0.415174337643955,0,0,0,0,0,0.415174337643955,0,0,0,0,0,0.415174337643955,0,0,0,0,0
2009,10,10,0.393487600199643,0,0,0,0,0,0.393487600199643,0,0,0,0,0,0.393487600199643,0,0,0,0,0,0.393487600199643,0,0,0,0,0
2009,10,11,0.439790882366467,0,0,0,0,0,0.439790882366467,0,0,0,0,0,0.439790882366467,0,0,0,0,0,0.439790882366467,0,0,0,0,0
2009,10,12,0.390100392617167,0,0,0,0,0,0.390100392617167,0,0,0,0,0,0.390100392617167,0,0,0,0,0,0.390100392617167,0,0,0,0,0
2009,10,13,0.369269730431965,0,0,0,0,0,0.369269730431965,0,0,0,0,0,0.369269730431965,0,0,0,0,0,0.369269730431965,0,0,0,0,0
2009,10,14,0.437792232025717,0,0,0,0,0,0.437792232025717,0,0,0,0,0,0.437792232025717,0,0,0,0,0,0.437792232025717,0,0,0,0,0
2009,10,15,0.49569374869145,0,0,0,0,0,0.49569374869145,0,0,0,0,0,0.49569374869145,0,0,0,0,0,0.49569374869145,0,0,0,0,0
2009,10,16,0.449072523696972,0,0,0,0,0,0.449072523696972,0,0,0,0,0,0.449072523696972,0,0,0,0,0,0.449072523696972,0,0,0,0,0
2009,10,17,0.403428097719322,0,0,0,0,0,0.403428097719322,0,0,0,0,0,0.403428097719322,0,0,0,0,0,0.403428097719322,0,0,0,0,0
2009,10,18,0.424730869300206,0,0,0,0,0,0.424730869300206,0,0,0,0,0,0.424730869300206,0,0,0,0,0,0.424730869300206,0,0,0,0,0
2009,10,19,0.455428065131309,0,0,0,0,0,0.455428065131309,0,0,0,0,0,0.455428065131309,0,0,0,0,0,0.455428065131309,0,0,0,0,0
2009,10,20,0.470999975129052,0,0,0,0,0,0.470999975129052,0,0,0,0,0,0.470999975129052,0,0,0,0,0,0.470999975129052,0,0,0,0,0
2009,10,21,0.494672123572433,0,0,0,0,0,0.494672123572433,0,0,0,0,0,0.494672123572433,0,0,0,0,0,0.494672123572433,0,0,0,0,0
2009,10,22,0.450302910733973,0,0,0,0,0,0.450302910733973,0,0,0,0,0,0.450302910733973,0,0,0,0,0,0.450302910733973,0,0,0,0,0
2009,10,23,0.457376877220489,0,0,0,0,0,0.457376877220489,0,0,0,0,0,0.457376877220489,0,0,0,0,0,0.457376877220489,0,0,0,0,0
2009,10,24,0.524269312045558,0,0,0,0,0,0.524269312045558,0,0,0,0,0,0.524269312045558,0,0,0,0,0,0.524269312045558,0,0,0,0,0
2009,10,25,0.495591504712701,0,0,0,0,0,0.495591504712701,0,0,0,0,0,0.495591504712701,0,0,0,0,0,0.495591504712701,0,0,0,0,0
2009,10,26,0.512722189963382,0,0,0,0,0,0.512722189963382,0,0,0,0,0,0.512722189963382,0,0,0,0,0,0.512722189963382,0,0,0,0,0
2009,10,27,0.337502788875447,0,0,0,0,0,0.337502788875447,0,0,0,0,0,0.337502788875447,0,0,0,0,0,0.337502788875447,0,0,0,0,0
2009,10,28,0.362956613101537,0,0,0,0,0,0.362956613101537,0,0,0,0,0,0.362956613101537,0,0,0,0,0,0.362956613101537,0,0,0,0,0
2009,10,29,0.413256902713225,0,0,0,0,0,0.413256902713225,0,0,0,0,0,0.413256902713225,0,0,0,0,0,0.413256902713225,0,0,0,0,0
2009,10,30,0.390145866919693,0,0,0,0,0,0.390145866919693,0,0,0,0,0,0.390145866919693,0,0,0,0,0,0.390145866919693,0,0,0,0,0
2009,10,31,0.374789914535305,0,0,0,0,0,0.374789914535305,0,0,0,0,0,0.374789914535305,0,0,0,0,0,0.374789914535305,0,0,0,0,0
2009,11,1,0.46952120284778,0,0,0,0,0,0.46952120284778,0,0,0,0,0,0.46952120284778,0,0,0,0,0,0.46952120284778,0,0,0,0,0
2009,11,2,0.444020868000514,0,0,0,0,0,0.444020868000514,0,0,0,0,0,0.444020868000514,0,0,0,0,0,0.444020868000514,0,0,0,0,0
2009,11,3,0.32232341170008,0,0,0,0,0,0.32232341170008,0,0,0,0,0,0.32232341170008,0,0,0,0,0,0.32232341170008,0,0,0,0,0
2009,11,4,0.348012727454232,0,0,0,0,0,0.348012727454232,0,0,0,0,0,0.348012727454232,0,0,0,0,0,0.348012727454232,0,0,0,0,0
2009,11,5,0.382715559104929,0,0,0,0,0,0.382715559104929,0,0,0,0,0,0.382715559104929,0,0,0,0,0,0.382715559104929,0,0,0,0,0
2009,11,6,0.404012124893486,0,0,0,0,0,0.404012124893486,0,0,0,0,0,0.404012124893486,0,0,0,0,0,0.404012124893486,0,0,0,0,0
2009,11,7,0.415424385958247,0,0,0,0,0,0.415424385958247,0,0,0,0,0,0.415424385958247,0,0,0,0,0,0.415424385958247,0,0,0,0,0
2009,11,8,0.378084104666907,0,0,0,0,0,0.378084104666907,0,0,0,0,0,0.378084104666907,0,0,0,0,0,0.378084104666907,0,0,0,0,0
2009,11,9,0.437492035897202,0,0,0,0,0,0.437492035897202,0,0,0,0,0,0.437492035897202,0,0,0,0,0,0.437492035897202,0,0,0,0,0
2009,11,10,0.304241385590311,0,0,0,0,0,0.304241385590311,0,0,0,0,0,0.304241385590311,0,0,0,0,0,0.304241385590311,0,0,0,0,0
2009,11,11,0.3024,0,0,0,0,0,0.3024,0,0,0,0,0,0.3024,0,0,0,0,0,0.3024,0,0,0,0,0
2009,11,12,0.3024,0,0,0,0,0,0.3024,0,0,0,0,0,0.3024,0,0,0,0,0,0.3024,0,0,0,0,0
2009,11,13,0.3024,0,0,0,0,0,0.3024,0,0,0,0,0,0.3024,0,0,0,0,0,0.3024,0,0,0,0,0
2009,11,14,0.3024,0,0,0,0,0,0.3024,0,0,0,0,0,0.3024,0,0,0,0,0,0.3024,0,0,0,0,0
2009,11,15,0.3024,0,0,0,0,0,0.3024,0,0,0,0,0,0.3024,0,0,0,0,0,0.3024,0,0,0,0,0
2009,11,16,0.3024,0,0,0,0,0,0.3024,0,0,0,0,0,0.3024,0,0,0,0,0,0.3024,0,0,0,0,0
2009,11,17,0.3024,0,0,0,0,0,0.3024,0,0,0,0,0,0.3024,0,0,0,0,0,0.3024,0,0,0,0,0
2009,11,18,0.310565471675745,0,0,0,0,0,0.310565471675745,0,0,0,0,0,0.310565471675745,0,0,0,0,0,0.310565471675745,0,0,0,0,0
2009,11,19,0.320246626134556,0,0,0,0,0,0.320246626134556,0,0,0,0,0,0.320246626134556,0,0,0,0,0,0.320246626134556,0,0,0,0,0
2009,11,20,0.321762313481473,0,0,0,0,0,0.321762313481473,0,0,0,0,0,0.321762313481473,0,0,0,0,0,0.321762313481473,0,0,0,0,0
2009,11,21,0.339651493594984,0,0,0,0,0,0.339651493594984,0,0,0,0,0,0.339651493594984,0,0,0,0,0,0.339651493594984,0,0,0,0,0
2009,11,22,0.386112553922635,0,0,0,0,0,0.386112553922635,0,0,0,0,0,0.386112553922635,0,0,0,0,0,0.386112553922635,0,0,0,0,0
2009,11,23,0.3024,0,0,0,0,0,0.3024,0,0,0,0,0,0.3024,0,0,0,0,0,0.3024,0,0,0,0,0
2009,11,24,0.3024,0,0,0,0,0,0.3024,0,0,0,0,0,0.3024,0,0,0,0,0,0.3024,0,0,0,0,0
2009,11,25,0.313229148561987,0,0,0,0,0,0.313229148561987,0,0,0,0,0,0.313229148561987,0,0,0,0,0,0.313229148561987,0,0,0,0,0
2009,11,26,0.3024,0,0,0,0,0,0.3024,0,0,0,0,0,0.3024,0,0,0,0,0,0.3024,0,0,0,0,0
2009,11,27,0.407174741551852,0,0,0,0,0,0.407174741551852,0,0,0,0,0,0.407174741551852,0,0,0,0,0,0.407174741551852,0,0,0,0,0
2009,11,28,0.413217917710585,0,0,0,0,0,0.413217917710585,0,0,0,0,0,0.413217917710585,0,0,0,0,0,0.413217917710585,0,0,0,0,0
2009,11,29,0.444004861535694,0,0,0,0,0,0.444004861535694,0,0,0,0,0,0.444004861535694,0,0,0,0,0,0.444004861535694,0,0,0,0,0
2009,11,30,0.3024,0,0,0,0,0,0.3024,0,0,0,0,0,0.3024,0,0,0,0,0,0.3024,0,0,0,0,0
2009,12,1,0.3024,0,0,0,0,0,0.3024,0,0,0,0,0,0.3024,0,0,0,0,0,0.3024,0,0,0,0,0
2009,12,2,0.358109656280935,0,0,0,0,0,0.358109656280935,0,0,0,0,0,0.358109656280935,0,0,0,0,0,0.358109656280935,0,0,0,0,0
2009,12,3,0.3024,0,0,0,0,0,0.3024,0,0,0,0,0,0.3024,0,0,0,0,0,0.3024,0,0,0,0,0
2009,12,4,0.351729391196316,0,0,0,0,0,0.351729391196316,0,0,0,0,0,0.351729391196316,0,0,0,0,0,0.351729391196316,0,0,0,0,0
2009,12,5,0.34754195886445,0,0,0,0,0,0.34754195886445,0,0,0,0,0,0.34754195886445,0,0,0,0,0,0.34754195886445,0,0,0,0,0
2009,12,6,0.330865872942768,0,0,0,0,0,0.330865872942768,0,0,0,0,0,0.330865872942768,0,0,0,0,0,0.330865872942768,0,0,0,0,0
2009,12,7,0.367359397634561,0,0,0,0,0,0.367359397634561,0,0,0,0,0,0.367359397634561,0,0,0,0,0,0.367359397634561,0,0,0,0,0
2009,12,8,0.318936514215566,0,0,0,0,0,0.318936514215566,0,0,0,0,0,0.318936514215566,0,0,0,0,0,0.318936514215566,0,0,0,0,0
2009,12,9,0.32393908857095,0,0,0,0,0,0.32393908857095,0,0,0,0,0,0.32393908857095,0,0,0,0,0,0.32393908857095,0,0,0,0,0
2009,12,10,0.35734062223704,0,0,0,0,0,0.35734062223704,0,0,0,0,0,0.35734062223704,0,0,0,0,0,0.35734062223704,0,0,0,0,0
2009,12,11,0.367244007454287,0,0,0,0,0,0.367244007454287,0,0,0,0,0,0.367244007454287,0,0,0,0,0,0.367244007454287,0,0,0,0,0
2009,12,12,0.371002612028884,0,0,0,0,0,0.371002612028884,0,0,0,0,0,0.371002612028884,0,0,0,0,0,0.371002612028884,0,0,0,0,0
2009,12,13,0.373143589136859,0,0,0,0,0,0.373143589136859,0,0,0,0,0,0.373143589136859,0,0,0,0,0,0.373143589136859,0,0,0,0,0
2009,12,14,0.3024,0,0,0,0,0,0.3024,0,0,0,0,0,0.3024,0,0,0,0,0,0.3024,0,0,0,0,0
2009,12,15,0.3024,0,0,0,0,0,0.3024,0,0,0,0,0,0.3024,0,0,0,0,0,0.3024,0,0,0,0,0
2009,12,16,0.3024,0,0,0,0,0,0.3024,0,0,0,0,0,0.3024,0,0,0,0,0,0.3024,0,0,0,0,0
2009,12,17,0.3024,0,0,0,0,0,0.3024,0,0,0,0,0,0.3024,0,0,0,0,0,0.3024,0,0,0,0,0
2009,12,18,0.3024,0,0,0,0,0,0.3024,0,0,0,0,0,0.3024,0,0,0,0,0,0.3024,0,0,0,0,0
2009,12,19,0.3024,0,0,0,0,0,0.3024,0,0,0,0,0,0.3024,0,0,0,0,0,0.3024,0,0,0,0,0
2009,12,20,0.315661743751784,0,0,0,0,0,0.315661743751784,0,0,0,0,0,0.315661743751784,0,0,0,0,0,0.315661743751784,0,0,0,0,0
2009,12,21,0.324442239164844,0,0,0,0,0,0.324442239164844,0,0,0,0,0,0.324442239164844,0,0,0,0,0,0.324442239164844,0,0,0,0,0
2009,12,22,0.3024,0,0,0,0,0,0.3024,0,0,0,0,0,0.3024,0,0,0,0,0,0.3024,0,0,0,0,0
2009,12,23,0.3024,0,0,0,0,0,0.3024,0,0,0,0,0,0.3024,0,0,0,0,0,0.3024,0,0,0,0,0
2009,12,24,0.308030726837125,0,0,0,0,0,0.308030726837125,0,0,0,0,0,0.308030726837125,0,0,0,0,0,0.308030726837125,0,0,0,0,0
2009,12,25,0.3024,0,0,0,0,0,0.3024,0,0,0,0,0,0.3024,0,0,0,0,0,0.3024,0,0,0,0,0
2009,12,26,0.3024,0,0,0,0,0,0.3024,0,0,0,0,0,0.3024,0,0,0,0,0,0.3024,0,0,0,0,0
2009,12,27,0.3024,0,0,0,0,0,0.3024,0,0,0,0,0,0.3024,0,0,0,0,0,0.3024,0,0,0,0,0
2009,12,28,0.3024,0,0,0,0,0,0.3024,0,0,0,0,0,0.3024,0,0,0,0,0,0.3024,0,0,0,0,0
2009,12,29,0.3024,0,0,0,0,0,0.3024,0,0,0,0,0,0.3024,0,0,0,0,0,0.3024,0,0,0,0,0
2009,12,30,0.3024,0,0,0,0,0,0.3024,0,0,0,0,0,0.3024,0,0,0,0,0,0.3024,0,0,0,0,0
2009,12,31,0.3024,0,0,0,0,0,0.3024,0,0,0,0,0,0.3024,0,0,0,0,0,0.3024,0,0,0,0,0
